aoi_name,rmse_n,rmse_dens,rmse_n (%),rmse_dens (%),bias_n,bias_dens,bias_n (%),bias_dens (%)
braatan,125.66423516657395,1362.7029847646024,92.23063131491665,93.3062093515018,122.0,1306.5638863558606,89.54128440366974,89.46228552694551
galbyveien,180.29975041580064,1360.0692379903885,67.46482709665132,67.12750312723932,175.0,1330.833892440124,65.48175865294668,65.68456500686021
hobol,50.94850341275983,470.93787963535715,43.54572941261524,43.4017660175794,50.25,465.182288441717,42.94871794871795,42.87132913177902
krakstad,73.78516110980581,690.659490962027,52.23728220163243,52.33704442119511,73.25,684.4706914909,51.85840707964602,51.86806733903979
all,118.67971604280152,1049.4690057054431,71.73688918340855,71.25592638538856,105.125,946.7626896821504,63.54363430298451,64.28246299191672
