Name,data,model,imgsz,metrics/mAP50(B),metrics/mAP50-95(B),metrics/precision(B),metrics/recall(B),model/speed_PyTorch(ms)
large_jay_4099,,yolov8x.pt,1024,0.5446110738104812,0.22830482273149771,0.5513068088825664,0.5443037974683544,24.577
territorial_neutrino_6707,,yolov8x.pt,640,0.5109201625610864,0.23464821625746818,0.6636090636090632,0.45569620253164556,10.645
advanced_magpie_8288,,yolov8x.pt,256,0.5358150220425241,0.21070090236364308,0.5508816711129549,0.5745127107748107,6.93
scarlet_junglefowl_7165,,yolov8m.pt,1024,0.5420742301295597,0.26885446045110883,0.5947237364665067,0.5443037974683544,9.502
key_pig_4200,,yolov8m.pt,640,0.5643102060001157,0.2563337773817759,0.5351009837156744,0.6556569227455303,6.573
responsible_salamander_2800,,yolov8m.pt,256,0.5590640689818125,0.24636852502270243,0.5988782376422825,0.6708860759493671,7.859
given_stem_7294,,yolov8n.pt,1024,0.5194809759752106,0.22782526655385554,0.6920768345111667,0.45521183949653016,4.001
super_runoff_1234,,yolov8n.pt,640,0.5929308156361022,0.2810343634086806,0.6016475542337612,0.6691550362436439,4.287
petite_honeydew_9364,,yolov8n.pt,256,0.5527550361128626,0.2516653189670414,0.5899403761245866,0.569620253164557,4.787