Name,data,model,imgsz,metrics/mAP50(B),metrics/mAP50-95(B),metrics/precision(B),metrics/recall(B),model/speed_PyTorch(ms)
nosy_muskox_8487,,yolov8x.pt,1024,0.32547235787283674,0.1150181821920987,0.3878832553571531,0.4484076433121019,25.644
purple_caramel_8526,,yolov8x.pt,640,0.32361854562325254,0.12064599568923758,0.42556101556101555,0.44713375796178345,10.408
wild_wine_2139,,yolov8x.pt,256,0.31643486541078625,0.1110325656067274,0.4033214526753533,0.4684253680432024,2.897
implicit_rooster_8021,,yolov8m.pt,1024,0.3278948992048853,0.12637313336351091,0.41303355529442487,0.45987261146496816,9.942
aggressive_cephalopod_26,,yolov8m.pt,640,0.36416673202689337,0.1293037492102434,0.3932169759356565,0.5261146496815287,4.113
relative_urial_234,,yolov8m.pt,256,0.33564320087759936,0.11077469591671292,0.3755790372591882,0.4445859872611465,2.009
forward_factory_2576,,yolov8n.pt,1024,0.32598589171224535,0.12191436095841843,0.41846331287908406,0.41146496815286626,2.32
smiling_cottage_5709,,yolov8n.pt,640,0.3419662025685789,0.12376297979413442,0.40812134324362587,0.4662420382165605,1.595
extraordinary_rattlesnake_589,,yolov8n.pt,256,0.32483976394320446,0.11402868013107062,0.38350068838023454,0.4624203821656051,1.216