aoi_name,rmse_n,rmse_dens,rmse_n (%),rmse_dens (%),bias_n,bias_dens,bias_n (%),bias_dens (%)
braatan,89.5837596889079,980.7061087493016,65.74954839552873,67.15034054986388,82.75,891.0987688060197,60.73394495412844,61.01479867929013
galbyveien,92.54998649378615,691.734628231207,34.63049073668331,34.141216581312186,87.5,661.6861291530611,32.74087932647334,32.65814449976324
hobol,10.758717395675006,98.58068770425841,9.195484953568382,9.085223607209409,9.75,89.52164551170071,8.333333333333332,8.250339758220232
krakstad,40.82278775390039,385.78813369276287,28.901088675327713,29.23439256893989,37.5,353.2370309890821,26.548672566371685,26.76772334849897
all,67.77351990268765,632.2246245834531,40.96623794646779,42.92623323169648,54.375,498.88589361496594,32.86739705326785,33.87291698647297
