aoi_name,rmse_n,rmse_dens,rmse_n (%),rmse_dens (%),bias_n,bias_dens,bias_n (%),bias_dens (%)
braatan,81.79853299418028,897.226464195558,60.03562054618736,61.4343706881951,74.5,805.1270057722085,54.67889908256881,55.128189924752036
galbyveien,47.2493386197098,355.8244740895525,17.679827360041088,17.562053335231393,41.0,309.33519427864644,15.341440598690365,15.267530976575006
hobol,11.779218989389747,109.47944558496746,10.067708537939955,10.08965616588794,4.25,39.001103203795395,3.632478632478633,3.5943525226495883
krakstad,30.112289849827096,284.4570561757386,21.318435291912987,21.555689568900107,27.25,256.3620581244422,19.29203539823009,19.426696656667858
all,49.92243984422236,506.0948404764982,30.176011994996514,34.36238373974429,36.75,352.45634034477314,22.213826973932754,23.930771566511215
