aoi_name,rmse_n,rmse_dens,rmse_n (%),rmse_dens (%),bias_n,bias_dens,bias_n (%),bias_dens (%)
braatan,98.76866912133625,1076.8507011933405,72.49076632758623,73.7334973866033,94.75,1017.9013485188583,69.54128440366972,69.69715145995892
galbyveien,67.19933035380636,503.72206772480195,25.144744753529043,24.861678899831904,62.75,474.7479987316324,23.479887745556596,23.43163633095382
hobol,11.937336386313323,111.20461727659362,10.20285161223361,10.24864846898763,6.0,57.0966257375982,5.128205128205128,5.262040914133525
krakstad,38.00328933131973,356.76587053211426,26.904983597394498,27.03513302625738,36.75,344.03916584755757,26.017699115044245,26.070724200884854
all,62.96377927030746,623.0954396105203,38.05895233565997,42.306387834782996,50.0625,473.4462847089116,30.260672459387987,32.145640726166086
