aoi_name,rmse_n,rmse_dens,rmse_n (%),rmse_dens (%),bias_n,bias_dens,bias_n (%),bias_dens (%)
braatan,132.0870924806811,1436.2657378855554,96.94465503169255,98.34315556789403,127.5,1367.596103782064,93.57798165137615,93.64124816225477
galbyveien,215.5858297755212,1613.4666702435302,80.668224424891,79.63417297232803,207.75,1573.696768541451,77.73620205799813,77.67129187311212
hobol,81.94052721333931,760.8839137298435,70.03463864387976,70.1232731922365,81.75,758.7017756474816,69.87179487179486,69.92216673942353
krakstad,113.473565203531,1062.8815728510024,80.3352674007299,80.54342381552983,112.75,1054.0003360593537,79.82300884955752,79.87041824540117
all,144.49459332445628,1262.417871971257,87.34089509600682,85.71454179565411,132.4375,1188.4987460075874,80.05289006422365,80.69564579252828
